f1,f2,f3,f4,f5,label
0.5095276750261302,0.2784645036275145,0.6270127625950446,0.9446929623202959,0.6418458238225493,1
0.675029586483849,0.42545711901337147,0.18175196740600308,0.5759524545672849,0.04611664709803576,0
0.0406645408377887,0.17322733712768135,0.70604876143826,0.9433923520365974,0.4890373375262602,0
0.32454456049871827,0.7452950350153222,0.8405622387868477,0.9611175919311459,0.08845769174329621,1
0.033397759649187675,0.3603626187283815,0.8918831697121758,0.09059989272668123,0.9434345231476491,1
0.35940492080179676,0.12822194942475162,0.9131445762202468,0.6375737059308597,0.7076530954290196,0
0.3701136091887033,0.9911884194224344,0.42979357524785844,0.9827418648096031,0.7496849452851235,0
0.21317109781760912,0.18268698989814813,0.669585111885477,0.9774220568883454,0.8619535602441194,0
0.2756898078152491,0.826276093136717,0.7191624881653376,0.006219770753328802,0.49773428157323896,1
0.9500034832480554,0.7132545344566543,0.03855822084312022,0.39455210010659814,0.5077037479160903,0
0.8094838771234691,0.3968495737456119,0.2637137281172295,0.6511339250011663,0.9140812154185547,1
0.9828549461285602,0.45868148282340215,0.8032407097169842,0.40611451898681517,0.05685670670507015,1
0.7974111408134529,0.6095252225371809,0.6559275704180926,0.8260847385246782,0.6386167732658972,1
0.20857662651656128,0.23426377595442094,0.687828624215668,0.5440651266309646,0.40288932062766136,0
0.8827276921463575,0.8540889379652943,0.24426477696542792,0.09547375251775536,0.7643146706608448,0
0.4504731417468012,0.7245672412275201,0.4974662010850338,0.6199188879250163,0.1095606602666287,0
0.530730911453522,0.8768224712932648,0.10554717586480411,0.01040073329242841,0.876626590800516,0
0.4367986687755082,0.571677398043346,0.7380601926136986,0.6488622929116452,0.3979243026507523,1
0.6159882031067657,0.28810581120342493,0.06778625590811305,0.5602828333491573,0.3723421126476524,0
0.1465538741528707,0.9231787248946732,0.6976578852571448,0.009399440338365483,0.28217652794582326,1
0.9117794606402075,0.48704692669512073,0.30654440168154073,0.20814095394606058,0.04320626479998724,0
0.6292641888572367,0.3743959097708667,0.7081379497866459,0.7093470542290911,0.6990314649557021,1
0.052696435189410695,0.34534601548932253,0.33016921263683097,0.2768137350578249,0.6578205978264815,0
0.021800626434035797,0.31545013259807175,0.05801619130694147,0.14573177772941803,0.1855096973772613,0
0.03529626965316435,0.7863860064291834,0.3848407418164187,0.6659157714733207,0.4289547633669477,0
0.6691343370722431,0.9795185834278674,0.8437799570435317,0.5815885159693825,0.956657441504385,1
0.9578790888664077,0.4330059302252719,0.27682289562568607,0.685726142606564,0.4498689494877539,1
0.5026242057724659,0.4531590077620219,0.23901688911584673,0.7594540765989032,0.6734559014491042,0
0.0834898612660393,0.30087772966344684,0.1120760311632445,0.004043387563338552,0.04698987861585846,0
0.13520132750844216,0.14633401802472012,0.569699095584127,0.2547913633696982,0.4050871851136818,0
0.9037346774787307,0.5493928392303112,0.18931591619934995,0.14329473815704885,0.8136856171772989,0
0.8796526184209507,0.0883586777285954,0.8297618352948941,0.12805957963713932,0.8197593203658383,1
0.3120792470379654,0.9469594220342942,0.36060075753384246,0.14693626588706843,0.5175091696403386,0
0.707540112164091,0.7836205003913832,0.8934883206793284,0.44794941203038385,0.9769844966824968,1
0.8634461366324511,0.04323542157903282,0.0796701211815094,0.8990772075087862,0.04017405130793894,0
0.07778046602314959,0.6188542527239284,0.47681697388672784,0.751848748922113,0.32228397887436877,0
0.4774665212984718,0.42183176099606,0.8928281647963265,0.8997229961423207,0.8273286266655453,1
0.01227680447362911,0.28299459151902284,0.5833326805499097,0.8537476228661574,0.9580628241848917,0
0.753700558899071,0.463685911684279,0.26743161611753385,0.2902766755377457,0.24223630345045966,0
0.35538765227411384,0.3873828291671386,0.2728278560741759,0.01527268944635296,0.38254412124793835,0
0.8907016018142092,0.7566539116091526,0.7860972706586965,0.9473634813711792,0.6331283435179325,1
0.2515899033237803,0.4794149545731978,0.33131147380908177,0.3878076809040786,0.6381918226987272,0
0.26398976930806217,0.26973979819514204,0.008847745788240435,0.7658234564227833,0.8013102975274802,0
0.40287837395014225,0.6985137025908198,0.10958382214034101,0.142622170954127,0.7361993792351172,0
0.50526258537105,0.7388141602128037,0.6267785664382902,0.018915710667696706,0.5142692566285725,0
0.32804697948812156,0.22930350952835976,0.3451083932594995,0.7506919907097952,0.22591565875626085,0
0.14892146230067638,0.1471555999331523,0.7663498952695023,0.9546486914760293,0.34007925327956123,0
0.06318469280761152,0.1965491076973831,0.9390326687956603,0.5957685620835581,0.18963995550653123,0
0.33982593162966435,0.109527713524464,0.06273346169116867,0.7902174706316022,0.15777312093157037,0
0.9042167114771807,0.1556900163870515,0.349286675971229,0.45376177165619247,0.3659554785304707,0
0.765353686715119,0.21747060598895795,0.43263532795147064,0.7896794656475714,0.727721306087273,1
0.5231791300282204,0.6787638405957815,0.7435073968008103,0.6478079923127542,0.36675834680490405,1
0.30531173006178014,0.5803391360656575,0.5936174275825837,0.7725915807797621,0.372036215781288,1
0.4305179127835709,0.39874940149382654,0.3944055650065875,0.14024086002013003,0.9684802900143137,0
0.3883353570376955,0.876897984112144,0.24472093898410996,0.277341279157027,0.7954439786807728,0
0.8112715903308281,0.3156809901642508,0.5375968380517782,0.8553917487415875,0.9034155571815347,1
0.054986176658434416,0.083128504552346,0.6229980979912625,0.34532354515743846,0.552508691094216,0
0.04375880498567841,0.10963454531894934,0.8503141711680265,0.3394208703476741,0.6250071112977635,0
0.39011128501558545,0.7135546897160325,0.2082459772788091,0.6630878862347304,0.0555538621915308,0
0.5599996896260379,0.7615344618765953,0.3866903113859169,0.48202856744101474,0.6120064408261862,0
0.48078540312903606,0.007748263762209384,0.6825437953762314,0.608984174485955,0.5330504797293064,0
0.4978127427830197,0.21838733862476456,0.4017430174788309,0.09801696906910828,0.7483093994839257,0
0.42347307572234016,0.13772102127476682,0.29348853994567736,0.18636922121606003,0.01480992870341169,0
0.31080379518246315,0.018944409117980898,0.12067059596792151,0.1411014222456376,0.8476325875132414,0
0.5366531663697001,0.6564640044526863,0.5421057634253773,0.5639648323383486,0.7242594441889533,1
0.024980742055580096,0.10364291160569072,0.4745644305338218,0.8685271429020318,0.9299519539890312,0
0.691926829317487,0.8901699403347274,0.6203944123046473,0.20479987296514668,0.06751594542478068,1
0.7845879829014059,0.2253839933900712,0.2744345639345821,0.1270784122899108,0.8373600535859586,0
0.8893223739197796,0.24792445255308826,0.8202241009221031,0.20022324233250943,0.5931856105311648,1
0.7051334497719328,0.15823303988411286,0.7228625363230453,0.8877104340585334,0.5872553176736629,1
0.8804316051898348,0.6329738276360503,0.39513470191202327,0.5693504742796299,0.884459230899579,1
0.527659722577848,0.22297941122944287,0.6931029321475638,0.18084931164276763,0.3823442363365791,1
0.8508126441810308,0.9575986932334253,0.49851412637959525,0.4047322713851986,0.73788064557254,1
0.18687121848365995,0.0765465696276818,0.3348792780694664,0.5022661544855934,0.8969414964889634,0
0.9506050873660927,0.8948289176282109,0.7807132037252048,0.2821639484992535,0.4612147501822744,1
0.4409680388634969,0.2741071820774188,0.05171305074832211,0.918124184612243,0.37804776984764266,0
0.47998327002337204,0.05048279423970292,0.8735332347674178,0.3145348222823904,0.799146602303398,1
0.7616217393546801,0.13435443275518089,0.8988277876465516,0.02349093458022944,0.5984327951363271,1
0.8436207164061679,0.11460189519585073,0.7764096158514836,0.03536703662939389,0.30485795755070055,1
0.429865188463754,0.9829754880092516,0.38758684367123875,0.17713014528733118,0.013832760251478504,0
0.2045531808729376,0.14395680511831443,0.34712291229882364,0.6696789236076724,0.628585389027225,0
0.9130445044241328,0.7753967431299286,0.5884910069476929,0.047035366908381504,0.11663946439611705,1
0.7991474387804927,0.6777314748734559,0.05228644466645238,0.22893065609648044,0.3968796969676275,0
0.8081858793622166,0.8116934273415357,0.2552866423859391,0.4088396273550249,0.7063071846606978,0
0.41873960136579136,0.038329432193747626,0.2640940956651199,0.24003387598509662,0.10678337556292505,0
0.14333880558205758,0.9703272852784369,0.6910283801033292,0.3219175230957231,0.915264943959099,1
0.2845891118531958,0.47978545801695927,0.14060638623678878,0.20352424209564846,0.8416680294217803,0
0.8797384444995944,0.030926010042123475,0.32879615572356535,0.3010612093253373,0.003855723203316286,0
0.7779328271586575,0.24847297122678424,0.16695658863740315,0.4654328309863379,0.16205998184046233,0
0.9196010888045691,0.5195783684379078,0.26416738056798894,0.6672194382680743,0.20129090152724494,1
0.9217170790620498,0.10251532256317708,0.7717276478193773,0.8461141217717744,0.4802830158754172,1
0.5382717000619897,0.8127306295151835,0.6075815224588457,0.1418926418537455,0.2038854350383804,1
0.4558905037098814,0.9105347067843428,0.6938153744207495,0.3359716195684853,0.36139487880664467,1
0.05560702083845581,0.1681856880042777,0.513091352810783,0.3969433683626755,0.13914657724478385,0
0.7412912325737705,0.7248706951981841,0.8185742545247786,0.41555517103623896,0.7725456499314033,1
0.44885011703989586,0.37097626322609467,0.931114597139207,0.7946714496319169,0.29642055527139444,1
0.04184240681586804,0.05261011149519301,0.05951736066933,0.9641780463150256,0.5857407370946701,0
0.17813223217817153,0.5929569855131578,0.705583273490503,0.998033857239282,0.3355083090479387,1
0.2698956294606911,0.5518719500895538,0.8944626860144682,0.803185886525716,0.29825153671989535,1
0.8332941828030841,0.2804794287010205,0.6300471701437971,0.3677042466167064,0.30516819182460164,1
0.9272571530381788,0.24002963040426195,0.5279952737870484,0.9168854661873314,0.3913721937227064,1
0.9243442828292695,0.9079808965722026,0.05626414156570669,0.4629379089974386,0.4435621982885619,1
0.07099445879541488,0.8358975651211563,0.2106035912177191,0.19228050976633315,0.12866863008402596,0
0.3518489717766956,0.8384605892687105,0.21804775801236798,0.04919990323834211,0.42488100963813946,0
0.5628612154222273,0.6581648871839124,0.09505567292714523,0.6293697772449377,0.587930271053997,0
0.8644671657134375,0.8400981081178435,0.13335194752316382,0.3825880967411678,0.3147773929197487,0
0.4539455106966389,0.21336160886168287,0.3599939322768464,0.2671975626372125,0.2882369684399798,0
0.44692333700535813,0.5732175477891248,0.32958615578190975,0.3954672642255447,0.8761461472441537,0
0.3572670241014956,0.7419821180428909,0.14758217889928416,0.5832205230715725,0.21948957525955037,0
0.18890995569849034,0.38019723459151056,0.8034859977118004,0.20701293300878865,0.062071428010103014,0
0.29673319021347766,0.054732410529291564,0.7783369446532501,0.9708224772703588,0.4800714594429347,0
0.15827414976583498,0.1835213372492993,0.7094029034992198,0.5572529081544535,0.12079979731805568,0
0.17789226396221747,0.8955273857409594,0.6953844654723917,0.9119183082511808,0.327943777718417,1
0.7861454223026046,0.5879997231050932,0.10063712929799495,0.9129152025082092,0.7726650278497927,1
0.359324078146527,0.8244564006411569,0.35771359579355144,0.2704892540605758,0.3718816623484481,0
0.4893232429855996,0.8785597341649122,0.6898497537889791,0.6198573915647434,0.560959791480247,1
0.44760648080581833,0.34419370032810637,0.8874487783779246,0.6374217237567198,0.6587858616354187,1
0.8550417772233486,0.013012330133665206,0.09063252414076728,0.2007991405212739,0.05629107775097464,0
0.2844514469406021,0.5509485326852158,0.8936600848835473,0.40541076138359744,0.44277790975331954,1
0.66973335976747,0.31941571921962164,0.702020204960866,0.4497847361949838,0.22941116007671503,1
0.5927184289702743,0.6272783679491942,0.6363959671001008,0.32047677439059974,0.6694721593268843,1
0.8129292241260954,0.7580038708304179,0.7281967793445673,0.38284679248401265,0.19750191001784767,1
0.1605625465779782,0.8686242798571939,0.6943673280839633,0.9386686178125564,0.5786898574770877,0
0.9367160061027568,0.9669229564853322,0.276013080579408,0.04981238098344065,0.44302397766236845,1
0.05309290943877232,0.45384277575817467,0.8042223020810241,0.0744775519013594,0.262820218555477,0
0.9531844054263776,0.051296447429477476,0.1633580561345056,0.19367644703969777,0.8237363471337609,0
0.6365209046414452,0.47679440129099193,0.6030449738777008,0.06775546964902546,0.9698221165917468,1
0.12556336537134705,0.5775022442533874,0.7735820705736282,0.9999472616839171,0.922056759477134,0
0.06918499654956667,0.4387894742729137,0.11466842866405635,0.5973411729383525,0.14641143152201053,0
0.005769720275198065,0.2699437526358812,0.7215174813190011,0.1369863437452996,0.6378293211589688,0
0.38230119446733124,0.08709589454416011,0.5611020647893066,0.11207153503638234,0.12094726553085489,0
0.16221420509187756,0.7984685485275104,0.7334728531131457,0.55994701055019,0.5226295365980111,1
0.4721476692590735,0.7150182658859578,0.5894754415682959,0.5525927658847694,0.5915164984626757,1
0.49981195787650523,0.6937737251668794,0.8845144626680429,0.24376276782459994,0.0953108079844851,1
0.32344726634205745,0.5389268908031735,0.60817916581201,0.7083612634607448,0.06322143414909964,0
0.22133962898344406,0.08109498239221369,0.6018013383950618,0.39194058804718,0.8314467558416414,0
0.13963554847237414,0.48825614081413904,0.56270409496717,0.9047300759987268,0.11303141239109504,0
0.7975807787256991,0.2142298785774548,0.6902138166180861,0.9323410560101073,0.47688380776571815,1
0.20191492152143253,0.5216238344219167,0.6977391638366067,0.7252725506081135,0.17599103603918165,0
0.36976708988665896,0.004290456810219556,0.47434883623467494,0.13992601633701596,0.33350469778485947,0
0.72751986349819,0.10695643538238786,0.18930884047986452,0.4755614323904038,0.21869189624421492,0
0.4560596825900137,0.18089368809081452,0.2572413306323117,0.8694893229536147,0.5463013927455186,0
0.8478356230053051,0.34532720244162196,0.671003276441641,0.9199556361387629,0.01600005713340935,1
0.9840424977765259,0.13968532399367273,0.5419851485619336,0.287768828918162,0.1553071737754187,0
0.4620814145730452,0.4242992605415623,0.4935398941272243,0.8889248699748513,0.7544184612238505,1
0.6635465043141312,0.6967038376751076,0.29273514805639955,0.45840349040170414,0.608956702355135,0
0.7661956595210978,0.10001905347244411,0.8145055474353128,0.4184210341669137,0.05098051626990607,1
0.39528108682344854,0.9033363322608644,0.2860651628560752,0.7194890314783947,0.2423294547380569,1
0.01862680160137853,0.4610792467708996,0.8165030011645307,0.35321609001992227,0.7356226427392623,0
0.3209108365322586,0.6008977952140673,0.7205775148321889,0.6408911998504541,0.01273987888726591,1
0.480829900647168,0.9311323905105725,0.7318304469758111,0.8131940493448252,0.8827099713895976,1
0.9436664808226043,0.2560009333806692,0.638551276986097,0.5615856173477977,0.5318575929090209,1
0.31651050895205035,0.13695312193807807,0.622471140163331,0.6323633990931622,0.9814031485165516,0
0.21954468045272557,0.14593588082770836,0.4465779573612204,0.9549084458726421,0.2610372148471476,0
0.8021163673442596,0.7304897126950618,0.8258905386668448,0.6174477556347194,0.6424744311881948,1
0.5681124072898691,0.3021855712642314,0.21485823291837014,0.05635373307238045,0.20200599120388474,0
0.34906309827970505,0.39211123380513313,0.8899842277826955,0.4845244816503731,0.396673533105409,1
0.5556842906603203,0.1362995067338355,0.027105299178662112,0.019700765621053606,0.6530882724413093,0
0.24109730601775348,0.3750691496599412,0.7538629739132395,0.8167814860817119,0.9910429438773677,1
0.637358999706883,0.5187161656450331,0.7991524550915926,0.4113605283154522,0.3364056560699592,1
0.6256876476164536,0.8865420171202141,0.639603760670531,0.7121417101009841,0.8666203602655274,1
0.5840042508387296,0.09545087067430136,0.7064471004642362,0.21335425705886812,0.43580247606066225,0
0.5004805424883652,0.9036717845846916,0.3957484215623567,0.30529133553431886,0.6141364351665868,0
0.09802479292207567,0.8766915326935666,0.179278723010191,0.05792211561552496,0.34819386698592125,0
0.6248651904742283,0.6487545496006485,0.19170777565214814,0.29747838520081626,0.3893735197244116,0
0.7464639456954077,0.09219865959846152,0.1737551978310542,0.7933738808080255,0.11038050227961338,0
0.17493142155862562,0.9366692761553557,0.9941955821081123,0.7728198217860199,0.8640943488794809,1
0.6803750403675408,0.4568998719815984,0.3004974280531756,0.7626688641493433,0.3249941934508196,0
0.25001282556624793,0.8587530123469166,0.18835507860311917,0.5107850842014287,0.7392147661378072,0
0.21313217215592462,0.816320700912449,0.1455168432997862,0.13415528369595386,0.7119963369233437,0
0.20369422171954155,0.30531230752451954,0.41095842815701733,0.1276988545155313,0.911458826160756,0
0.6069761176456511,0.635057463091651,0.09723143304103565,0.4536225011764238,0.1394155653772935,0
0.26589586167564505,0.03483013496295517,0.034839113435316094,0.401378567506223,0.6042110929295555,0
0.8954100385069731,0.8038801120411069,0.28909612401294915,0.7149844581675439,0.11743221139526616,1
0.9818533865542738,0.9801391507646763,0.6077851541790125,0.695676454591998,0.2771133327317028,1
0.5926460552770282,0.21197622175757036,0.5364556283957567,0.9384773538176951,0.1644770621224817,1
0.11258183216596407,0.02286163853108325,0.6477975481907778,0.3621221159149619,0.6730321977730048,0
0.6916505906582727,0.9530884305803115,0.9247792518812757,0.08094760012653257,0.4226961258277846,1
0.2513587073031167,0.4914923779497735,0.9744783418985337,0.6357176619786711,0.9465831225998832,1
0.7416435274109471,0.2529165787474751,0.8551095961682349,0.017332100149588858,0.09449446115214499,1
0.27950497831078813,0.6431233417222765,0.16989389786620468,0.389391752889936,0.5077551154727091,0
0.606086325471829,0.7700755147371067,0.8126056933156262,0.5798235148778487,0.7974401648827905,1
0.7881817161593471,0.09323319292924526,0.6545110137214668,0.9257175206238957,0.04813903926587004,1
0.5941953155905771,0.7594934685918162,0.07852717897433692,0.597491324345404,0.15893521469646166,1
0.22088660045262531,0.862192224733808,0.8830921499884665,0.33477477197805394,0.10586745235874884,1
0.5458973379942622,0.7764901011037576,0.8483472798296705,0.0040019676742509835,0.41757715383798577,1
0.3100047480462774,0.23207919207379202,0.7181502751831875,0.8805702075346581,0.5965300425644912,0
0.337119680016135,0.7478962021270774,0.6324743506374045,0.002019142855399947,0.07506449778845492,0
0.7001098858648003,0.6448437609795019,0.049401427303712775,0.5472521285486537,0.7824509322317826,0
0.6828725942000304,0.28677941066633694,0.46458574621695414,0.2575233683764001,0.2677775253086958,0
0.32269736108252345,0.2669741560710185,0.5574869495216551,0.9648842579872892,0.6247441748274365,0
0.4965401533783319,0.42662904805402657,0.25815273436297437,0.10226849810406313,0.8717339820056093,0
0.7178231987661196,0.7951313615612928,0.7403994417348563,0.8479689744373391,0.8436810725061298,1
0.06886477100229782,0.20464817988074002,0.13226003417311027,0.750154953696782,0.3113094870598144,0
0.17199779514037028,0.4254629106321567,0.4167654795515272,0.4414614265300657,0.515457485854439,0
0.6139881710512045,0.25733928840060627,0.18331362563078757,0.9462817442821028,0.6770186347891124,0
0.19979873069960052,0.8330020106695712,0.6465801631126569,0.5133502579576174,0.29571201384671897,1
0.4863202252467267,0.49664197133254473,0.42151121773656997,0.1690439568527876,0.21504016777746138,0
0.42171240465826354,0.2586712111775735,0.2716409682636386,0.5818576475299764,0.25778954104095253,0
0.486789755807418,0.7074325335668831,0.9567653433387826,0.8647811971292166,0.7349831536633296,1
0.4115227086033829,0.9439379221191809,0.4456972156959702,0.2117710551445775,0.05149668126592544,1
0.5080678190368894,0.053404491062241544,0.6645526893249319,0.16892570814975616,0.08902072660259752,0
0.8275840008116335,0.7551736085475653,0.670612591454546,0.682096298979539,0.40976844998510475,1
0.2622359874077965,0.24352418614801608,0.691808229391515,0.3722031823656361,0.23953525851289603,0
0.6252004443112359,0.820469994606622,0.5165227617032859,0.851387264119632,0.062130898899141696,1
0.7018413765143466,0.6221993775406205,0.145242549283232,0.5017652422215277,0.6040015809034022,1
0.8275994767922877,0.7499460327857798,0.9452346345384685,0.1422884023638168,0.13155202016355383,1
0.7297998077991801,0.7607162485124671,0.18285743668718923,0.7056452493622072,0.48207918116516,1
0.49185055596611116,0.8452455848424432,0.6171128164104157,0.6234511700014852,0.4532482503105292,1
0.12996871126648657,0.6768001644395267,0.6495464016742465,0.013159168399050625,0.9928137285274012,1
0.2756130398972977,0.9060197915513636,0.4986996541855665,0.9986732911968523,0.9145134340698426,1
0.9584021935270968,0.5644853896481253,0.45079240717189983,0.7051819010380705,0.5282443656515826,1
0.35594553493758796,0.3507020107732808,0.5047612727589605,0.5954460495015736,0.4938068817796045,0
0.0436870199354219,0.9216612807803288,0.4970287339886551,0.9636669942926135,0.40032869508358415,0
0.10611782984204621,0.6984021593172189,0.7254207788852648,0.7653597325428457,0.10380773632767082,1
0.47272365174939446,0.7955771360031012,0.9408555635543736,0.12726966493814185,0.12876675097557044,1
0.6747056622726533,0.8963123464262329,0.6186915320503374,0.8995339305194877,0.022936252037504712,1
0.3101550333880262,0.8476893951824368,0.8301372508091656,0.37961216854196644,0.9342747757526729,1
0.44148631896430346,0.8831111554093908,0.09783310352818753,0.7254040191956193,0.4852097493488253,0
0.334214145395587,0.9492907511971007,0.28526038305046797,0.30382298806434327,0.27895688976531985,0
0.30504553747052554,0.7861130036664005,0.3790024747704174,0.28311560589727525,0.5211140195028786,0
0.559878895774074,0.7553575038986923,0.3397443216036017,0.7946376455217553,0.4479748633681143,0
0.6969954379104115,0.2003949574683066,0.2533238669737804,0.8879138594348941,0.19913893163988283,0
0.7220928718882778,0.3394386548847087,0.8407717656655311,0.20125424175741502,0.2928464773695363,1
0.056969678508385746,0.20188119909884494,0.7083015340306852,0.45394116959298225,0.7756037241005344,0
0.8210439151881026,0.5418811040434741,0.9217448693847777,0.6114990314022011,0.5315062070535618,1
0.9091525350018986,0.9011021955184705,0.42879071171476535,0.2676347757954136,0.21061402358722991,1
0.3196246020574943,0.18163473132907149,0.6207679754210783,0.6947069172935783,0.36123870133924274,0
0.2792521965765956,0.051017210369108223,0.3777715516323392,0.9085351571541525,0.7377156056725602,0
0.47398511560493406,0.6822999646781567,0.003998855874909335,0.5190944463089976,0.979904069887852,0
0.598236682880562,0.13428845740313433,0.11997570421038162,0.8001015917846063,0.35464472556337234,0
0.18721370427753736,0.2581063206250267,0.04589334865185368,0.901562592841254,0.061030412064057904,0
0.6331183906342556,0.9130760142487122,0.7450962622828732,0.535737905549446,0.4194529766576902,1
0.9621493837740495,0.01926869431374023,0.7955996885985417,0.06357230606612951,0.7439989053163625,1
0.7822870238961267,0.7618954368390705,0.08850597619057154,0.3392315699594439,0.4486244083727168,0
0.32187373751614234,0.8087130080593342,0.025267843857839423,0.7711034819072259,0.6645453535107406,0
0.31118472759789406,0.4806306952749755,0.27164045683358906,0.32519956368797165,0.6028543913201151,0
0.6937631246284403,0.5722533891704571,0.6042859231658131,0.054916819461988786,0.9170342190212994,1
0.11706816171710077,0.45845392024253917,0.29862696874708106,0.7138910460656164,0.4947179427290952,0
0.7018587287490929,0.8036962036969342,0.4663802951016398,0.04383891597018197,0.12651465229412462,0
0.5137195545929979,0.44342296389956426,0.545974030086272,0.3072673129126191,0.03771880695333929,0
0.7360474393032493,0.3245814286291937,0.4427049525675293,0.7217245905242375,0.8205660354384033,1
0.04383322030371695,0.44117252393002115,0.22738176511843533,0.4393019503981389,0.6923980972726033,0
0.27259602771357416,0.7572080960784184,0.9512416445444172,0.38572142786075847,0.036893188783233,1
0.9540867090992047,0.33444006929100045,0.6524603712422758,0.3706002443811136,0.004071520011098562,1
0.6021654724523353,0.9049798123351902,0.6439873192515327,0.03902957371952709,0.25276112101125814,1
0.09038598869807579,0.41465967227564626,0.3002831770670006,0.8921319105371023,0.13790911390515703,0
0.27254307185636695,0.07449836408226307,0.7797440791452139,0.692023932943004,0.08837726620307651,1
0.46089300985581083,0.9215570534242162,0.5613400322131589,0.24555004392541813,0.267093165275628,0
0.7374226812638327,0.06546110970189889,0.8290257107695895,0.39928091017031087,0.13947806563696563,1
0.13491679816853508,0.20942194897597888,0.4950817619200618,0.7215438398106231,0.5475326312336223,0
0.488332816598547,0.649540531102285,0.2213571972352909,0.9597141753988364,0.29120203610043593,1
0.2474934790250578,0.8225437717611513,0.5314170510522639,0.14591732701308102,0.0357214156647645,0
0.24438835346471555,0.8098008850875769,0.6893933101157188,0.07108766909308772,0.2602995691370439,1
0.1468410572110408,0.21711383119001837,0.09756844133565856,0.5518831173064906,0.9352682669835476,0
0.5665337394672535,0.7160199339660822,0.8171688305199426,0.6495308747776471,0.7292267961382485,1
0.5750426093471378,0.6345136966547714,0.5325588454243285,0.5486262162422336,0.18996543408852284,1
0.42900971591899995,0.8722229042569384,0.35365079332284566,0.6156803589107798,0.352539726917967,0
0.9542288068637436,0.9600100813196404,0.05316944955445324,0.7923369978426451,0.7037182657277781,0
0.14464197868488426,0.15575445099392793,0.47959681163493617,0.9800556858243117,0.57002861823539,0
0.9002825194512792,0.12554849909336308,0.09239106559019394,0.8997728954679745,0.3000373505538816,0
0.8864879666220526,0.8373058096919515,0.5496277476321865,0.4736533531532978,0.7050914879207653,1
0.03803784310007452,0.1032077378942623,0.6430707766373016,0.18599637417378578,0.024385751698109748,0
0.9667628630007359,0.8462436209970093,0.04935134822382625,0.1291459132238345,0.17236667989581844,1
0.48037187920729163,0.8812397492121011,0.5650372194367905,0.41947881912829754,0.9880939853821623,1
0.5931799589779718,0.8943219175782767,0.5632337561873472,0.21390902813283452,0.152048322270397,1
0.7928684484243299,0.08087684487720326,0.9182847321037334,0.7844757060600597,0.731430912505784,1
0.6393289949241568,0.7483631121000949,0.5190142942764102,0.6413820079794659,0.49049698748441917,1
0.8292724326304137,0.12974077101533943,0.6953461729992595,0.3729893881158636,0.6870977058999136,1
0.46770526070251106,0.5040366680850757,0.21346632212702232,0.1402202735896596,0.41337093095159416,0
0.4600089226758062,0.22196034622677963,0.23665095438208517,0.43856180312381043,0.6398931438643041,0
0.0866084630954631,0.9697582670014936,0.5205351817760555,0.4786092149214557,0.3874182709856505,0
0.883925909168503,0.7754185227310832,0.10830045198688665,0.009755977765798285,0.11133672067170142,0
0.9862103382332338,0.5854132674037175,0.5732326971326763,0.6577154180864409,0.27656004319971605,1
0.19575138813141824,0.8630823694565376,0.13978755845736834,0.9803317629897009,0.2800130014353285,0
0.05263802907728066,0.9248060368089438,0.9606992451512324,0.53427069909039,0.4695842216609697,1
0.6361554487560436,0.2809034809545876,0.08839093781230278,0.4118437719701453,0.10679617229090488,0
0.22411276935180702,0.5284897942394895,0.9325371139104749,0.7186945240961963,0.40561751092676235,1
0.0168861914954056,0.7582988656683896,0.3814261112369892,0.5530482327424646,0.8861672523556692,0
0.440278459437789,0.7703187788907299,0.7488799113966836,0.950112696740711,0.8458646536077166,1
0.1813001118503691,0.5051811881225096,0.7129288375588609,0.9600020732550181,0.8596316645782349,1
0.07073129077183948,0.14552230858056603,0.462448068683872,0.18888166149918384,0.8905158158090462,1
0.6318951173715093,0.023617663588188176,0.12383154952422315,0.005009816885810925,0.5017625245308182,0
0.7838212923448754,0.5784471835438181,0.0983600781812135,0.5855591377158231,0.3152305781382927,0
0.14114925495907016,0.2179493843895901,0.9307973269082811,0.7775883172971082,0.5287421027598166,0
0.4913915429416752,0.05890153054419556,0.17548919970333754,0.5623217803025636,0.11405769923897935,0
0.6072427605919081,0.5720887492711552,0.7134966158832724,0.8818594570367607,0.4427781700920468,1
0.8879558107137075,0.9766104045156976,0.01208388655262016,0.17661129600489578,0.9208732259901056,1
0.004515469943719541,0.18373327297670716,0.8747191385000945,0.17596245948550704,0.752183159569964,0
0.7756959827845085,0.3721842431024729,0.04957520520156922,0.0508083876794323,0.5128564266512232,0
0.2671685934022513,0.7622405606852783,0.8288561404007309,0.9967700666801333,0.36419446100663344,1
0.9607851881083187,0.0978698874069891,0.8476858914976607,0.530313592667106,0.1425637440218014,1
0.6513058737128461,0.2070755699810023,0.6431903942179762,0.15559885007920837,0.22661915847009106,0
0.8501588870965355,0.638522604911421,0.9231312423616407,0.48737212734697977,0.9438458224128369,1
0.3933935328371797,0.26867962815334867,0.6798626505497222,0.5910306768965576,0.5245526086103857,1
0.855075584219739,0.09101938019680356,0.03419472339095031,0.8494245655540893,0.4663243926805756,0
0.9223023323832328,0.4364328135864365,0.5959287565440734,0.4691630578849928,0.792764005064301,1
0.0012164922130170064,0.3343024940212168,0.8056824181896999,0.2062551739602817,0.18329100248974672,0
0.0650150324645391,0.681601151219112,0.7512270858021196,0.015895620044624414,0.7719675746909778,1
0.9615826678261504,0.8548453556622063,0.0293659917777378,0.4450000823039907,0.1283191358545962,0
0.08209165888715753,0.6620622880299367,0.9169674251844459,0.4620043834604812,0.5962563498656652,0
0.7790848660230582,0.5671398850524361,0.5418068649957951,0.7462579095669382,0.21193151677526356,1
0.517849975249434,0.00573936561667554,0.4570398060966957,0.42828550148381705,0.17862033299911728,0
0.03516006264450222,0.3139620322199381,0.6587397488448467,0.3172078825596888,0.08140163087598773,0
0.8413588494628166,0.901857740230935,0.9874494933024746,0.40955550909402205,0.14795047413913198,1
0.2627990500423453,0.7575523811801154,0.05654398255486093,0.9943953528844401,0.7790367511660578,0
0.5619876357782811,0.9392261385228701,0.6843229330518197,0.05498849025532371,0.6718047128103826,1
0.4060741339332329,0.892268965198882,0.41102057050446805,0.73053123728285,0.33366008530360247,0
0.4868878410013998,0.4458155875316193,0.3602134908090562,0.9849994762136955,0.8558498033972449,0
0.7763195952459208,0.7661871387333198,0.14765714080743986,0.9796402209936995,0.1539211700280314,0
0.2137756229425487,0.4648184573974832,0.3451830389610825,0.7297391990010745,0.845346158192634,0
0.2195738052192845,0.512878730651312,0.5762461120572717,0.8090710032520742,0.0590022658678675,0
0.2714153455326317,0.42177693468634214,0.7918585744719668,0.25470714278943984,0.5533335378154577,1
0.8744415626663972,0.12154201349552318,0.8901237628833478,0.9205301324030662,0.14509983189304554,1
0.7348158052391495,0.05440711269059162,0.8192654050608487,0.6752034419733477,0.15556262712319724,1
0.5838910999923779,0.3564904666583777,0.7385782480768142,0.7639865251315099,0.3164457460294352,1
0.46697000838944447,0.10728285928775005,0.039066573530121884,0.2414881151283732,0.3761074111684831,0
0.5113262696659199,0.1207809313975412,0.26011459221234334,0.024837687524603247,0.9356621032259459,0
0.5848510062985729,0.779934256859162,0.08199649984083812,0.5054438294734609,0.11601493797714746,0
0.30534301013605347,0.5387353420864043,0.5658467144960811,0.0416252603130437,0.7170411049792721,1
0.3343542609032937,0.8931393687417589,0.34230682885032737,0.6520602555062449,0.12476734498881792,1
0.030103616472589856,0.04592569549538561,0.2265199447109275,0.6694555194770538,0.08010259024024302,0
0.2164640939596203,0.9196390784343984,0.060118851939851115,0.9029762911687661,0.4228955257231266,0
0.598640953364059,0.5263373524316517,0.9475111740670012,0.12854585043190125,0.8591647718997251,1
0.9309076435453595,0.3135535527062796,0.8078649115504364,0.6012953828901629,0.563862042389018,1
0.15649390411105024,0.987504906747793,0.663613496542046,0.5068180048716605,0.4412998281863061,1
0.7662147754563534,0.07773682137793736,0.31624773917833904,0.3131906453568851,0.6787000400671105,0
0.18774802446152983,0.7228159457979978,0.6072605427023944,0.4391570819246745,0.3624355996649645,0
0.051162614886668845,0.7847378660202478,0.2867255099780328,0.13599272813575725,0.04914665233057258,0
0.44343512683509234,0.047934348746190625,0.692171605344657,0.12286701579819559,0.6285412391725558,0
0.06962375942459875,0.6303449836658285,0.4180602935478577,0.10610139235093952,0.3010798165312428,0
0.4871805117811534,0.602127895328208,0.24638836920492135,0.5986845335943809,0.9679998232191279,0
0.4487447775476129,0.2846556626786585,0.21429367690171508,0.6590385954713139,0.464676421991816,0
0.6003808501794009,0.13460125870287531,0.4566992748852059,0.12353838532201966,0.6363265187156819,0
0.812292220669119,0.32088068846373496,0.040226913912210116,0.1280681054511149,0.5504072366191932,0
0.21664540773035712,0.8065878471673817,0.5651117752204818,0.7511135111891398,0.22980842399097157,1
0.9180523484758057,0.8668768595814876,0.3147973137785195,0.5831935098192896,0.7352015885998424,1
0.9192444060236036,0.17587665459388868,0.9864059878545784,0.45431001601829424,0.2989213929683523,1
0.7074373934656049,0.13614002269081515,0.5026873755005465,0.926102576214529,0.7201381567604023,0
0.10418564234372862,0.4215063384934966,0.9689221287537255,0.8759895008204074,0.605347493890343,1
0.6007372955193458,0.29728330965765315,0.560615176673243,0.5827432317940958,0.5873439676419092,1
0.23895089069568243,0.3801328563594496,0.442854375985939,0.8506664827074074,0.016382999239486162,0
0.17802176301813577,0.635400029280298,0.8219194594019614,0.7165840818684485,0.42623741126185843,1
0.359743435541357,0.7195958861628501,0.753649824864633,0.10668108701037715,0.7824362489814818,1
0.6271527179389639,0.7591162562773488,0.16115891221034573,0.27855078055591065,0.3255627781012358,1
0.7262959818391351,0.6906049146735124,0.7587000208919074,0.9644544493863093,0.3593402509864986,1
0.1680543804437441,0.8691750502690311,0.3826238493319982,0.3141350427792938,0.45204749677923295,0
0.649721580014293,0.9427028789985825,0.9524586086418935,0.2785954707368462,0.5680777025742575,1
0.3877951513882041,0.4988179784032112,0.07791219007117567,0.09963079138853348,0.8559354579887422,0
0.5317874538634265,0.2999649988366929,0.2058650165744138,0.5248312987815205,0.9217871457162229,0
0.7102088908179095,0.3544808519201962,0.49230400092270177,0.7689669227164321,0.9732620979555655,0
0.804012621896334,0.4290848592364568,0.09033122347265576,0.8981856203422652,0.9628624443382235,0
0.413342408457976,0.4310159143901361,0.30052227338927895,0.8005332091778407,0.7264702061950139,0
0.7900360470830553,0.1129489492043867,0.27751009941337534,0.17844532270877977,0.959892820600801,0
0.3265269657713088,0.5424104241170205,0.4227313677011766,0.6048452019250491,0.3744304269071391,0
0.4482741397318232,0.5443218368293922,0.9617822610299921,0.021077960121746453,0.5693139723507071,1
0.33817129095323917,0.6727217628634364,0.7961943592380075,0.9379334946801576,0.706608986213651,1
0.060925476900614894,0.48921223242907375,0.3874956007383191,0.9076854522652933,0.9100402505692493,0
0.293694543662553,0.4264610234991306,0.7114152621820742,0.910404684875456,0.0603975940903011,1
0.16457373705113731,0.6993302123487981,0.5251758231450955,0.41543236476290546,0.660464182325925,1
0.19028757873151037,0.17905441591813265,0.2855705182263383,0.717568136390965,0.9682226740570964,0
0.5194967492469651,0.8640914955328514,0.850131739869401,0.722714919765554,0.5897564196993307,1
0.8889598892765163,0.18872445923935544,0.5305894789072217,0.558417365959322,0.5597787902421789,1
0.15309872703028982,0.09705813946563524,0.3337725923437346,0.3772686316911238,0.36537010252529667,0
0.25654166455022975,0.5999185063207159,0.3362441062538337,0.045174146930977876,0.6792539574018066,0
0.6876944144598172,0.5903793646900812,0.30314636893270397,0.3529581531043168,0.7612956529727062,1
0.37759375119742067,0.5735730299261529,0.3115414036293769,0.5230621391532073,0.11876961504026295,0
0.2850604414552198,0.9915515630394492,0.7806298950955126,0.669971330195143,0.6569245206387804,1
0.5950165262667634,0.19383197038521693,0.9851760890029699,0.3664153865394615,0.9945580704850051,1
0.5520085511131565,0.004263483778610966,0.9591579187154826,0.05682547342328703,0.7844864338815344,1
0.6337293164304323,0.9920853948534556,0.688034731697582,0.2689055330504,0.8915331656552707,1
0.37664699686590575,0.9883052951847793,0.7128869762693227,0.03376087533260874,0.909794776421147,1
0.11068631906119353,0.7357794320340089,0.15090042584570496,0.7370074973340988,0.8631563799603611,0
0.6223144251183937,0.7805406796197262,0.7457941772151021,0.28723659542137836,0.2642191382677854,1
0.5083559631723216,0.38406751542981143,0.41368502493583603,0.18371797984674565,0.6629376002162348,0
0.3777276585538153,0.2586465623591262,0.7830241648310544,0.35845401043126845,0.7176203628051537,1
0.6465519961914629,0.48747280350599087,0.3775243244068266,0.8872255151130062,0.4648862057561115,0
0.4800129226148525,0.3574377686483933,0.08249652464763058,0.10739608945845502,0.35814237473377153,0
0.713185874828023,0.717970880683716,0.4154914578277512,0.18983921538018933,0.7376936142504408,1
0.09751072473780409,0.13871997988474172,0.6502078304718513,0.8140973345157979,0.02114041923510679,0
0.10941867973732777,0.798306316597759,0.16570868538290628,0.7867742907400745,0.3452150309758574,0
0.8782584186488545,0.15859491008610527,0.13363522913952108,0.6456707164792257,0.15517339866936963,0
0.2702807499806319,0.7122255513729127,0.826011626158259,0.23368461884225167,0.20330076910722317,1
0.3117708147244741,0.3560260062029892,0.8685633324087626,0.0883289774551167,0.6325867933757516,1
0.7968560539486604,0.10994184860695466,0.9166577723771496,0.33350914868228565,0.1398801073963717,1
0.3505912334731698,0.16480456547860345,0.37061140289193306,0.6997414674398394,0.33618958323295256,0
0.31679562862130617,0.5642543021555725,0.43541942613010975,0.045474795797265544,0.9009006194863909,0
0.182861351240023,0.04830472453358148,0.24510324981893827,0.6791097061234894,0.13221011316652032,0
0.3914079153868951,0.054813920789465786,0.8538232035134968,0.18183879221926658,0.9176528595594289,1
0.3586308581235157,0.5382161915332935,0.7216286860750225,0.748368216710294,0.4368809852835177,1
0.0073940386225238575,0.7209412400969755,0.7529550856818835,0.20234960450408124,0.6731742703561457,1
0.8276312914580063,0.22281582836134706,0.030435583701371338,0.10880418753062393,0.019107588243545415,0
0.94847654219775,0.1909709764713512,0.8640468776041386,0.8436491562529681,0.3882094287324276,1
0.31628914261965657,0.8180810147316028,0.23974603321918908,0.839544077010528,0.387631005961631,0
0.8067862404065997,0.4382724496162751,0.525617571141043,0.8962703245877811,0.665984042218705,1
0.3139581521283543,0.8323364991460415,0.6139375613572471,0.05906357277439911,0.10346658677165765,1
0.9654964688089697,0.28450056662127365,0.7017031470173372,0.42984148143499046,0.07211029314148354,1
0.9490597593219761,0.8025700714895293,0.06690452873596398,0.3854045406141815,0.35987836516622174,1
0.02671030938917973,0.2863157575521016,0.9009379149525458,0.6941667371319424,0.0027124282773119957,1
0.37072732436900635,0.09666296278747832,0.2251504130495543,0.9758934096917177,0.7430221401401647,0
0.3687421563635771,0.16246271355791464,0.8057556970865546,0.39144504650559864,0.39099991061148864,0
0.125471284088015,0.1321735708927113,0.1634574314622005,0.767648577680211,0.16558905565825954,0
0.43317382638100765,0.6817852773338365,0.664021141966927,0.8540900749957653,0.8062389553843229,1
0.15829693897008534,0.2303336470093894,0.013932087357614642,0.9723024395080857,0.6978681384378975,0
0.8017960267884835,0.6167376464681273,0.7358434781682712,0.6510501023949282,0.12182133220875513,1
0.9056050666709587,0.5583067248404989,0.5288669174599013,0.23448273992375235,0.29980729663709094,1
0.018799924204420226,0.23744743233935117,0.11679555769931993,0.7763863574079289,0.5434263392950707,0
0.5425165119180287,0.7297043617520521,0.19139639938564035,0.8708224145606058,0.6288975321029819,0
0.004606826219548332,0.23535844565993114,0.18201917339183993,0.2801485284961095,0.190322020197641,0
0.6095802192912485,0.7335940756573736,0.9287005615101216,0.06470156933109095,0.5455830569925249,1
0.015771571605743828,0.7399696392789941,0.5000713053481323,0.6029598188025757,0.6736566990085137,0
0.0634514552085258,0.8489953266484306,0.7765736103373817,0.06127077450499929,0.6883531190620652,0
0.34968727863379623,0.21406461217794848,0.44462095945991653,0.16191008192425482,0.47319765112228496,0
0.12959262783568204,0.4031262628064821,0.49144870199819435,0.757861986645341,0.28331049659211316,0
0.12030907294482951,0.24271550682968057,0.8606189923768488,0.5869945820605834,0.8778913041936769,1
0.14662906367961648,0.40353369989493915,0.1496151060048445,0.018383844093916357,0.8578285125960596,0
0.22326864233109966,0.25672496715587645,0.9780501197763591,0.5051444672366883,0.1498650414300653,1
0.7873349274303396,0.9822100784829676,0.32181612545682514,0.6564276841865158,0.8352092002987095,1
0.8177506731866093,0.19889981042595128,0.05862069877027587,0.686074780392121,0.03120369309397575,0
0.1591329260250517,0.836165563493965,0.5831111510196302,0.33546703660069865,0.34045179690956195,0
0.7038312076053035,0.883451295492429,0.5721143447808018,0.1413198566578121,0.9225776616343139,1
0.5361975001915413,0.26557227809670114,0.4181549922555763,0.7464695672620132,0.8545676017635119,0
0.8600734821195318,0.981450645454456,0.5219705798224957,0.1977247351744641,0.04297712664475717,1
0.49013404940350747,0.37577951951430844,0.16467441970653873,0.3293623984396422,0.8439639374880741,0
0.35235438936276053,0.44710071225304393,0.538185470231652,0.9393759138568621,0.8162478113140198,1
0.8840538422338802,0.7413904931009783,0.25938896488588015,0.6834547032747836,0.4974810420844794,0
0.533149022692509,0.17111566407911072,0.46493912381688185,0.5920047231620124,0.5422201685711446,1
0.5900753387414641,0.5191335929014234,0.2036427697112183,0.3288370737593247,0.1736034443952046,0
0.28170033265938277,0.42788871632508985,0.06617612156829089,0.136430689956746,0.44169951617766967,0
0.03126733743804189,0.9036271408449594,0.1461285366400099,0.06066517160335738,0.024378737186191435,0
0.6708884201600415,0.7048549934967459,0.5414120731479786,0.855773661834874,0.7713938859718614,1
0.3015191392650979,0.9021032888414728,0.8956212081151521,0.2903188107216593,0.010855452413259026,1
0.47192352438780427,0.6960506055130629,0.7459234981784246,0.30370621914476426,0.40557542365919097,1
0.6611835392555636,0.08189975124342175,0.5773914303347936,0.3254351503318229,0.4017203853525195,1
0.28274315001682604,0.43358773182003685,0.22924350861077203,0.15861007196419874,0.7718234000962618,0
0.8850196310860688,0.16801675782156456,0.17196742676309196,0.7815054947385194,0.06511481485851811,0
0.23647118910741238,0.814316554321854,0.9270736015037565,0.37612882138287806,0.23094248998790323,1
0.49471863636854385,0.8965543238693637,0.22239214563832999,0.932144795168407,0.676396036538904,1
0.13910662326929968,0.4339835513944711,0.28401639136576295,0.1211379059489317,0.5638490104181445,0
0.46293570799796435,0.11864985903397474,0.321259249766783,0.8232368106960561,0.8926659807002248,0
0.052433242484408615,0.8170927419334579,0.0026592980958903834,0.7457511709262961,0.45503032447388425,0
0.10966794228030707,0.5104652705182215,0.8818681691017572,0.060414281112844304,0.4745414018048423,1
0.209495472672804,0.674854870170098,0.8286036345970629,0.19998149230234075,0.42248114579522533,1
0.43082120342455177,0.6681157636850289,0.08795296008778297,0.98515777217794,0.4391242501075372,0
0.8056948577757601,0.1667021962016597,0.22394334150821527,0.8309919329151056,0.009294323547233363,0
0.7760573395719,0.45237162689653376,0.5920281392771299,0.5505976420285594,0.48803553461313454,0
0.9485791331591489,0.022657444181142905,0.09129839993381306,0.15757478269868608,0.28026465145599755,0
0.5082120259098378,0.7508444756303203,0.8800455114214745,0.3471584058005387,0.9614817738804441,1
0.4807465018019307,0.3685930688342208,0.06988729446404052,0.5026470011608828,0.9999343605544709,0
0.5049918652514369,0.08452119324046548,0.44479708364358017,0.2070735139162383,0.8426081164132017,0
0.26778187604891623,0.5731828392157887,0.4635754275793328,0.7230721579549092,0.5037900800394823,0
0.5670251769592392,0.6605903460762298,0.2582540799255425,0.015431127435143965,0.8225173661209266,0
0.25674444794831386,0.3536409730426142,0.1506212843689242,0.6431456700158978,0.5146985925714306,0
0.1644857977441333,0.12909167078703576,0.42760416240412,0.2577400780388106,0.02593803030959163,0
0.9937280211334758,0.7098011803676216,0.17731490408078776,0.6618784460364776,0.6890581619003163,1
0.603051898091791,0.7952719878674482,0.6938302726705262,0.7620043716824104,0.23900173872647457,1
0.18475340467958346,0.9986044057368563,0.686267297442948,0.44318266060314027,0.8298093153980717,1
0.655250828466229,0.7996828482120825,0.43696875797175816,0.5899035512297797,0.3050421243388598,1
0.5027568556872095,0.6858396697642383,0.051682172729525244,0.3257900670588093,0.3956272663096163,0
0.9097230056410022,0.16022002689673187,0.6910188367586672,0.42355817533997764,0.9051231443959744,1
0.43407962732255356,0.6808283810590648,0.09469348425039648,0.4371958962603828,0.7436752695272663,0
0.3807755510077857,0.9342916499321053,0.8682472121781629,0.6588793685398497,0.28848810734283215,1
0.634465759385659,0.20503752736042113,0.4183704167332388,0.01113110430110753,0.24824351996986782,0
0.15569313319167444,0.0012461339581449904,0.2048275276870304,0.25005042312944237,0.07815913148045972,0
0.8536460248998406,0.5419898478228928,0.11681173132395684,0.04144979778822111,0.4326468589892728,0
0.08954517417581909,0.45576540933747856,0.932305990638235,0.13334919857396177,0.8503792968710938,0
0.3983682405905471,0.5249674250997486,0.7781571550046933,0.6205120674361223,0.8568112161059632,1
0.3368536534415639,0.39676481339444947,0.16318594532942277,0.7435844776850885,0.13212410114540407,0
0.72648130622945,0.3620785423665632,0.6524840271296674,0.7364942865662445,0.01033985983623853,1
0.47892050306189893,0.8335865612630197,0.9873012938423548,0.6683209056566991,0.850015141285782,1
0.27708507615606004,0.31597188769016593,0.20293090811568748,0.1920498975268523,0.8160844653807213,0
0.34936925537624186,0.32490422156449694,0.6671372798945064,0.44196666153483977,0.11571926721408587,0
0.15997990389349392,0.19580439060135402,0.32204057575619083,0.29461497681730686,0.3426042478194158,0
0.6485558423589772,0.6824966619942129,0.09449549361766596,0.4951565149831595,0.512362585169009,0
0.01021221521503124,0.3177018332472453,0.9251203013688291,0.27263954113946354,0.21956881725392718,0
0.778829787385144,0.713459971058289,0.9294077038672096,0.6940899516584242,0.25791689228745307,1
0.5406550244064341,0.21583076636390686,0.4225912631830946,0.591190729666766,0.4832293449623055,0
0.21314567299997,0.6821344377689496,0.11451198398032547,0.8769043050351059,0.6699923573647735,0
0.8111852293435631,0.1710272058461032,0.9859289363055137,0.12576564731640028,0.7393160491569379,1
0.9038340658106632,0.39203699989515073,0.8155242713250658,0.5529275587243054,0.35786918235226595,1
0.3161102944277334,0.5687975454645331,0.198324483796123,0.8765233269519992,0.8547065168734048,0
0.2229630626960981,0.5853703904208513,0.5687816753151255,0.09608496311970738,0.09039111054400295,0
0.6221952268740949,0.6918329820597138,0.0644885936377162,0.7573941200201796,0.3927010732166919,0
0.9381539115131903,0.6657488248330495,0.9593922422154453,0.5983976757925294,0.8983156268483804,1
0.8840177674405956,0.8129065548626578,0.9757149986938792,0.9691690859226122,0.021625255036781588,1
0.05362622545051221,0.39061992497854825,0.3555833582873499,0.23719181727808658,0.012891111976817693,0
0.3964184834691572,0.8054378769586301,0.9727572285399461,0.7800511104197896,0.3736684086472717,1
0.3786438089419564,0.9758862674165503,0.35087860296622897,0.04163647271054538,0.10224319640223567,0
0.7524983721205668,0.0894122773203645,0.18677597181973193,0.9646021688738333,0.5786844270781589,0
0.06766650639933158,0.9818697040201497,0.957621210121981,0.07129871191761661,0.3290281286745158,1
0.06907723697610935,0.5371709506904793,0.18958316481465065,0.07425272107264669,0.13305272521940248,0
0.04380566415994269,0.8977087110905317,0.0328760618500038,0.20189033710691895,0.6500154865612143,0
0.11903936237057455,0.6903549689785905,0.9849855454840335,0.09014773918482666,0.8864343014794176,1
0.9529750450467248,0.056499973260405234,0.2122273230757723,0.7920834592893614,0.7895148089567767,1
0.6129018164515724,0.0027386009368443043,0.7051080630548054,0.014760470836485906,0.06662896191376788,0
0.9081668713894456,0.5524199072143823,0.221355943758468,0.7906384358443015,0.4243045408481012,1
0.9869878065925978,0.7570212879926274,0.9454636941196776,0.8250474820420123,0.682111173657173,1
0.6049990836409592,0.0964486065978375,0.7271576211796965,0.6487109707930241,0.4381937050299406,1
0.012327948460210236,0.33462676324088947,0.6452441283550215,0.4839437952790425,0.6643796250262437,0
0.9419253775575466,0.6946761784754435,0.8721306753659599,0.9838790022046643,0.17772853274051015,1
